{
  "siteUrl": "http://localhost:8883",
  "phpVersion": "8.2",
  "wordpressVersion": "6.7.2",
  "plugins": [
    {
      "name": "smart-slider-3",
      "status": "active",
      "version": "3.5.1.26"
    }
  ],
  "themes": [
    {
      "name": "twentytwentyfive",
      "status": "active",
      "version": "1.1"
    },
    {
      "name": "twentytwentyfour",
      "status": "inactive",
      "version": "1.3"
    },
    {
      "name": "twentytwentythree",
      "status": "inactive",
      "version": "1.6"
    }
  ]
}